TrueLocationParameter,Configuration,TrueModelUpDown,TrueLocationP,TrueLocationQ,P0,Q0,P1,Q1,P2,Q2,P3,Q3,P4,Q4,P5,Q5,P6,Q6,P7,Q7,P8,Q8,P9,Q9
0.8569475650646262,10,0,456,390,380,524,442,245,559,332,537,357,308,226,478,262,428,371,554,548,575,625,518,382
0.6676596689983139,11,0,424,357,480,508,398,159,475,300,384,271,334,464,474,290,514,305,484,339,574,360,324,498
0.5575083040813532,11,1,410,429,514,383,269,532,423,476,460,418,425,351,529,322,451,394,519,722,348,420,344,523
0.2644329267795483,10,0,361,379,524,406,396,390,455,528,386,508,435,319,309,534,309,315,291,327,302,328,227,288
0.2526127543651935,10,0,360,380,414,446,260,410,342,367,421,389,462,360,370,281,137,273,400,454,283,430,486,525
0.4024303875668871,10,0,384,372,370,391,564,276,308,310,497,262,216,258,462,343,345,372,354,532,531,416,357,323
0.20816976920740748,10,0,353,383,307,310,415,479,239,374,505,346,387,427,416,465,268,374,244,422,360,265,339,250
0.42951857632230905,10,1,388,432,448,256,444,295,366,187,503,436,379,367,268,413,499,356,462,582,387,502,484,491
0.9922445426533419,11,0,457,313,623,372,607,371,530,277,461,313,320,357,356,312,372,321,357,265,459,337,468,158
0.6234928922721008,10,0,421,372,375,317,503,410,370,461,624,350,572,301,345,434,562,379,545,426,454,336,543,268
0.9913190962434462,10,0,472,406,528,342,577,506,366,401,588,364,323,365,592,525,447,539,406,448,288,335,584,482
0.8330719539702406,11,1,453,413,319,294,408,584,450,523,402,363,443,490,417,521,516,491,497,473,406,405,567,480
0.03561774180878696,11,0,346,317,380,251,250,253,289,434,353,183,356,358,360,239,281,360,320,254,286,402,314,351
0.5338108111722467,10,1,406,431,418,455,424,323,392,400,441,279,441,269,390,592,523,345,570,382,250,566,417,524
0.6323426152015715,11,1,422,427,497,573,451,312,431,254,348,314,312,717,545,412,394,455,273,347,358,534,353,298
0.12235412624129272,10,1,355,471,375,532,332,548,323,595,421,586,318,468,482,537,370,692,332,226,419,499,313,560
0.157481071713777,10,0,346,388,395,343,432,307,274,362,153,430,389,433,436,187,336,485,414,523,474,590,498,653
0.14589948091090565,11,0,357,332,246,430,256,402,346,361,463,315,237,286,444,367,172,246,352,327,410,210,248,303
0.4143562621631449,11,0,386,367,447,346,343,213,622,407,328,243,462,327,164,407,337,460,510,304,445,187,390,391
0.6000733303722984,10,0,417,372,457,405,518,537,432,377,358,382,561,413,342,434,499,398,609,521,430,413,339,383
0.7626272362826764,10,0,443,381,339,347,680,602,352,191,400,391,486,455,438,331,388,387,592,176,454,355,481,341
0.6757784286362182,10,0,429,375,425,255,359,495,512,342,575,523,441,276,619,217,146,317,372,296,600,524,396,218
0.24483163878069558,11,0,367,345,84,416,245,340,216,383,357,463,346,442,447,416,410,347,401,413,336,286,256,410
0.8456520393298955,11,1,455,412,513,292,529,382,347,412,660,388,536,358,339,492,332,428,426,288,399,590,328,401
0.440660767237944,10,1,390,432,289,523,298,551,408,468,423,471,286,294,442,484,279,345,294,241,231,429,396,395
0.065152528106457,11,0,349,321,265,142,372,429,340,281,501,366,358,121,290,307,346,252,415,441,297,277,327,259
0.9010043138009106,10,0,462,395,460,461,401,234,639,459,465,370,505,205,444,504,619,501,328,435,383,271,588,484
0.9873757966135627,10,1,456,486,392,324,324,475,560,417,593,583,386,666,323,374,352,533,383,281,403,626,639,465
0.001284890857913057,11,0,343,312,499,180,245,225,324,367,318,279,151,199,534,238,207,364,247,375,499,262,468,333
0.25393096851609165,10,0,360,380,312,187,452,248,633,377,443,458,420,355,430,452,358,446,380,511,317,366,293,539
0.2514114284392527,10,0,359,380,247,305,434,231,471,314,395,185,328,343,280,700,475,497,335,267,487,362,292,381
0.9183181061494972,10,0,464,397,578,428,445,492,430,415,421,541,352,393,489,392,491,480,403,270,486,302,503,390
0.7259342516705493,11,0,430,349,652,295,496,498,530,557,249,373,349,87,297,340,146,203,423,302,396,315,343,371
0.8134607527049686,11,0,439,337,501,450,296,321,404,499,502,323,483,419,448,278,417,165,392,315,448,384,400,513
0.47863906660612454,11,0,396,370,306,490,313,273,434,401,345,316,323,296,543,332,233,383,415,361,235,168,332,319
0.7969684153263302,11,1,448,416,462,397,524,433,461,560,567,510,587,429,601,437,298,389,530,364,482,293,575,437
0.4923639517003462,10,1,399,430,364,394,373,343,427,221,561,453,507,295,282,705,318,310,504,509,352,596,396,605
0.6914743003200285,10,1,427,446,635,304,710,564,474,351,252,412,463,629,488,447,495,460,401,455,303,333,663,518
0.8476674710586901,11,0,442,333,397,408,436,279,521,400,620,257,632,361,374,512,593,147,341,305,424,305,459,366
0.9500266410690558,11,1,468,400,546,492,512,291,562,458,267,546,554,378,489,360,438,426,463,432,439,504,414,458
0.1042277823430231,10,1,353,474,479,449,490,519,547,520,333,545,352,615,294,687,159,518,358,620,218,625,323,540
0.22616689112859933,10,0,356,382,489,353,433,600,361,257,218,429,399,356,285,463,173,414,291,339,262,365,405,476
0.4487512420094727,10,1,391,431,301,584,423,387,396,422,331,461,563,473,454,448,378,466,438,370,281,433,409,448
0.8265796309946816,11,1,452,413,428,451,465,365,455,424,438,301,477,264,562,571,597,274,475,569,431,440,401,324
0.24180978026819788,11,0,367,345,234,385,143,425,563,217,250,216,447,516,381,308,308,397,447,199,378,402,312,413
0.08030942937854446,11,1,336,403,318,310,358,334,441,324,404,351,141,235,463,307,471,442,200,417,403,508,364,476
0.059093579385763206,10,0,334,399,289,224,282,314,302,118,146,453,431,584,426,584,354,459,321,617,305,495,122,278
0.42508955255972936,11,1,387,429,405,396,268,396,420,451,376,439,327,338,350,471,426,392,342,479,338,389,409,493
0.3930180787695816,10,1,383,435,446,514,368,498,514,394,345,300,411,496,258,432,452,343,319,439,420,596,470,422
0.3357709978339476,11,1,373,426,571,438,345,433,321,326,431,526,466,406,272,234,355,597,208,422,508,632,474,282
0.6403545528293445,11,0,421,361,317,457,399,335,531,481,378,300,547,299,285,454,404,446,430,334,366,229,283,535
0.4445331554889874,11,0,391,369,456,387,434,302,158,295,204,421,312,346,302,431,413,532,367,360,345,413,315,451
0.18968356991907742,11,1,350,415,277,408,331,607,491,421,327,427,463,453,415,450,413,651,570,494,305,447,329,267
0.6558979924212012,10,0,426,374,642,284,454,370,512,269,441,401,510,383,241,382,244,346,532,355,404,424,287,259
0.6863832632026222,11,1,431,425,444,446,305,435,442,171,458,420,640,602,412,408,558,507,488,415,376,436,442,361
0.6525555325073599,10,0,426,374,438,218,481,494,531,342,366,408,438,354,521,227,492,239,446,368,448,373,373,383
0.047648972993673655,11,0,347,318,306,388,300,370,311,438,581,352,341,142,337,388,338,403,304,182,415,292,405,347
0.5935595508732607,10,0,416,371,342,516,336,356,279,404,316,392,496,394,539,381,334,441,477,403,276,322,436,478
0.7558993144128057,10,0,442,380,506,402,440,274,507,578,476,308,412,371,420,462,554,252,367,354,586,422,428,522
0.40910736843850204,11,0,385,366,415,423,583,380,439,415,360,275,370,96,529,403,348,397,198,176,351,408,457,468
0.46417228652909204,11,1,394,430,455,279,358,614,445,419,481,402,280,499,479,377,283,339,484,349,604,564,361,306
0.24642507845718664,10,1,367,454,371,502,516,306,538,304,371,519,350,585,185,527,334,598,252,401,298,322,364,409
0.014568680730076222,11,1,329,395,388,332,348,562,158,247,316,569,263,273,303,445,296,384,293,504,277,309,179,406
0.22247172865310838,10,1,365,458,421,495,360,413,426,335,269,448,513,429,349,410,321,376,366,505,314,494,209,478
0.020340640652895536,11,0,345,315,293,393,350,226,377,468,404,286,339,404,546,201,353,410,288,152,580,214,325,516
0.7844522597546565,11,1,446,417,442,467,392,371,440,518,592,525,343,409,430,575,468,448,359,657,597,435,383,382
0.7546687302602375,11,0,433,346,374,349,419,264,365,399,478,428,287,433,354,207,453,349,427,201,469,428,446,409
0.11107485888480939,11,1,340,407,325,380,328,339,212,574,283,358,225,303,447,442,268,449,102,459,441,520,396,467
0.35713526410756113,11,0,378,361,418,452,409,267,445,384,408,347,604,206,453,289,383,265,358,393,362,283,333,159
0.7836091032518134,11,0,436,342,364,212,367,411,479,319,295,268,497,429,449,494,561,208,451,249,573,402,379,431
0.6927504261209623,11,1,432,424,406,485,421,324,523,551,349,362,338,591,388,165,450,657,476,369,292,352,577,464
0.15442554090933536,10,1,358,467,312,493,370,389,338,517,283,539,385,428,350,517,389,567,271,460,335,385,406,509
0.5990575977747978,10,1,416,435,576,257,322,365,495,294,323,526,377,297,344,300,406,388,274,557,253,404,368,254
0.8701520496359448,10,1,445,470,506,489,494,571,279,479,386,411,429,373,536,574,309,190,526,435,471,473,494,715
0.9504776258688773,10,0,468,401,369,315,444,442,415,495,487,346,621,487,473,339,490,164,351,462,470,336,385,515
0.559702907002986,10,0,410,371,392,340,534,307,306,348,473,284,546,563,293,264,369,354,452,387,223,624,398,327
0.4754590985155629,10,0,396,370,411,219,507,513,259,198,440,404,367,27,380,304,435,361,462,280,444,519,447,324
0.43324954396692417,11,0,389,368,247,417,534,267,355,505,472,432,318,195,412,266,249,335,442,425,407,346,531,377
0.2678179336690324,10,0,362,378,346,303,468,557,320,187,438,503,410,341,294,325,466,371,316,588,350,396,325,450
0.0822253629122417,10,0,336,396,230,366,215,245,187,359,294,396,400,543,379,376,467,189,255,353,403,515,662,462
0.38633626813337607,10,0,381,372,463,356,514,405,369,148,316,324,355,479,328,446,519,373,389,180,362,301,328,326
0.21889729405995473,11,0,364,342,236,465,448,476,374,327,358,352,282,385,414,340,304,448,298,387,485,245,439,439
0.0013542003595616858,11,0,343,312,424,385,249,392,315,421,386,290,571,231,477,334,313,363,307,293,472,301,163,351
0.38674652028281375,10,1,382,436,303,445,414,344,195,471,382,495,481,246,549,473,426,443,254,404,488,475,496,343
0.6225483014930645,10,0,421,372,370,466,319,295,458,304,470,411,240,483,283,219,478,412,317,483,394,313,465,314
0.9474875913036218,11,1,467,400,595,397,394,513,424,389,435,474,362,175,446,273,479,445,432,352,789,510,456,291
0.4714619467444441,10,0,395,370,173,155,360,218,295,530,303,435,495,290,217,274,440,341,379,458,328,360,585,273
0.4949336399295031,11,1,399,430,347,319,336,378,339,357,472,500,351,510,521,477,347,418,411,358,292,482,343,308
0.2922769435056455,11,0,372,352,388,256,415,338,297,281,295,276,296,348,255,305,418,368,400,403,547,525,271,196
0.4227032620226241,11,1,387,429,386,370,679,466,372,354,209,689,486,285,337,472,131,425,558,276,399,401,495,267
0.971568843688625,10,1,455,484,360,622,272,444,483,682,417,494,554,543,464,524,404,432,348,414,505,376,442,597
0.631911787750183,11,0,420,362,462,343,392,385,387,301,471,384,501,268,536,464,414,613,486,325,437,223,479,393
0.8119005871852125,10,0,450,385,422,360,615,507,372,355,377,270,561,386,471,428,367,352,459,443,462,372,483,446
0.2667783627002611,11,1,362,421,314,371,291,614,326,467,370,439,382,379,427,476,424,354,387,355,296,422,368,443
0.6421053801883787,10,1,422,439,367,523,473,363,382,375,410,569,589,452,435,477,168,451,418,521,497,531,383,328
0.10046086151642886,10,0,338,394,475,528,304,396,253,230,197,401,503,283,316,266,416,475,350,442,442,440,304,414
0.2995296466536449,10,1,372,447,347,538,293,410,331,557,247,266,388,417,457,376,294,414,294,591,528,621,403,510
0.5330111004683635,11,1,406,430,525,497,267,370,323,486,403,458,388,384,561,518,371,474,374,379,446,336,407,463
0.03936710990206138,11,0,346,317,308,170,353,215,40,391,255,176,379,370,331,329,367,176,394,429,292,324,335,570
0.22882458612208256,10,0,356,382,430,375,270,350,341,381,324,396,274,385,93,53,378,474,337,263,351,349,226,537
0.27892056918865327,10,0,364,378,272,494,353,438,324,368,521,276,280,473,382,482,282,248,406,535,374,391,417,542
0.4581186769026898,10,1,393,431,381,372,396,318,483,403,431,532,443,446,363,564,434,519,497,325,249,373,240,506
0.41651585925002654,11,1,386,429,336,378,300,371,388,564,494,511,300,306,343,488,640,421,420,301,424,475,398,317
0.44468025296035907,10,0,391,370,416,549,344,397,437,351,551,402,361,459,397,422,266,440,352,517,473,189,481,536
0.07706282061402014,11,0,350,322,374,362,377,303,284,354,165,430,382,110,191,247,423,289,365,235,387,240,417,262
0.9179236520501418,11,1,464,403,422,368,402,486,285,540,419,421,381,402,501,267,567,409,370,388,559,325,550,344
0.0819363614289782,11,1,336,403,434,451,455,192,283,518,261,350,480,393,318,277,309,615,109,342,256,332,324,299
0.13800156530673802,11,0,356,331,430,412,304,238,309,431,417,303,386,281,380,291,524,455,263,276,221,233,505,193
0.7328249557208762,10,1,431,451,477,610,303,419,601,507,323,633,550,510,477,172,458,366,307,421,588,376,502,619
0.8620107634614386,10,1,444,469,609,481,413,516,277,390,698,463,371,480,489,500,226,520,492,583,583,517,584,646
0.6348754743479246,10,1,421,438,495,537,482,315,461,493,347,282,372,610,460,423,582,494,596,345,430,340,400,615
0.31754978057129934,10,1,374,445,462,382,435,361,222,401,366,424,400,398,613,544,273,313,271,278,403,413,523,395
0.5469562054838747,11,0,408,369,277,416,368,486,343,520,461,356,494,280,350,425,485,332,471,402,541,496,504,343
0.38708524776983333,11,0,382,364,482,554,329,326,417,390,386,312,379,514,319,548,533,204,344,341,402,246,256,237
0.15311185201653732,10,0,345,389,310,407,268,507,270,424,229,340,281,367,403,382,390,387,352,356,422,480,312,447
0.39794024763127944,11,0,384,365,410,469,392,345,326,494,338,274,280,374,352,350,365,496,290,334,314,493,331,207
0.04105203261253787,10,0,331,402,350,357,392,528,115,182,406,446,187,469,418,366,371,462,252,535,395,507,435,370
0.6054886117723368,10,0,418,372,476,376,216,368,450,442,298,478,507,342,418,274,648,506,551,499,485,276,510,397
0.0241567765700903,10,1,345,485,302,545,410,473,355,439,394,594,243,370,268,522,21,544,345,469,357,462,431,651
0.19517634328862477,10,1,362,461,303,570,473,343,415,566,423,322,481,383,355,353,401,353,311,371,386,446,381,448
0.35245556854062465,10,1,378,440,467,415,411,405,286,342,400,582,347,633,215,306,582,385,545,425,298,496,449,451
0.8745739578841543,11,0,445,329,495,523,442,578,378,262,216,375,559,100,443,207,438,411,394,336,588,509,572,350
0.6483781119675808,10,1,422,440,686,352,385,381,632,411,461,408,467,384,379,424,442,450,528,473,524,391,448,447
0.3694378748808934,10,0,378,373,483,418,438,574,338,301,262,318,479,273,412,340,299,438,455,417,425,528,213,552
0.08953308142351057,11,0,351,324,342,351,293,306,495,383,295,217,371,43,399,436,367,450,308,433,346,367,355,330
0.3611424479882648,10,0,377,373,601,455,234,299,417,457,427,465,313,460,390,470,251,406,402,252,510,484,350,355
0.36496223820290397,10,1,379,438,328,516,307,376,290,430,425,488,437,552,349,246,437,239,250,488,274,351,320,605
0.804611256256262,10,1,438,461,493,324,499,381,333,394,365,659,354,368,459,427,437,433,361,332,436,560,233,612
0.7559977399985347,10,0,442,380,643,340,158,425,321,422,438,495,375,200,341,320,395,391,346,378,326,214,365,553
0.024243213903990757,11,0,345,315,214,225,205,216,315,212,163,316,370,298,468,664,287,204,304,306,381,285,467,370
0.4742896046010777,11,1,396,430,335,496,332,361,412,536,213,456,414,284,283,624,376,656,460,541,315,564,458,422
0.26641781119682817,10,0,362,379,328,344,332,352,537,364,319,336,329,490,421,362,332,391,204,282,441,202,523,298
0.19633219701598514,11,0,362,339,220,339,418,400,450,310,331,330,441,447,354,372,315,293,396,459,424,389,444,398
0.2955783089872318,11,1,366,423,446,457,242,221,413,480,420,613,388,474,346,367,542,242,379,430,393,493,484,466
0.2090763246785352,10,1,363,459,347,399,353,626,277,292,354,298,193,467,272,346,248,613,411,397,316,305,184,434
0.998823329893215,11,1,473,393,538,401,592,484,319,394,624,422,612,520,223,294,616,384,412,488,476,363,525,512
0.35218205319561646,11,0,378,360,289,295,398,231,455,398,452,249,546,421,369,360,299,392,426,295,407,503,381,494
0.3779885761234565,11,1,379,428,538,535,376,602,420,481,334,373,382,350,385,292,344,408,396,242,171,419,256,437
0.27956425706479227,11,0,370,350,365,350,360,385,152,347,325,296,308,307,560,39,232,138,201,539,362,131,323,565
0.6495339054386744,10,0,425,374,536,176,529,481,373,287,384,387,266,301,483,456,450,165,283,465,507,357,547,318
0.021360850395828357,10,0,329,404,338,376,340,365,359,678,427,416,295,346,345,368,361,410,196,400,359,390,430,443
0.402915178270144,11,0,384,366,406,358,392,228,326,301,520,402,509,444,408,583,548,340,446,172,536,457,512,288
0.67764047623218,11,0,425,356,460,408,306,417,438,365,482,479,523,327,369,339,393,396,232,553,384,373,413,245
0.8576584667762209,11,0,443,331,512,331,499,386,481,216,569,521,499,396,281,367,450,296,454,303,397,395,361,258
0.019093503290927516,10,1,344,485,387,426,246,503,463,568,443,277,331,463,78,491,203,589,361,583,467,610,299,720
0.9226766210850105,11,0,450,322,380,228,573,316,527,443,419,385,474,331,493,414,551,204,372,268,395,414,385,427
0.5868225251448599,10,1,414,434,567,374,439,619,391,561,210,437,605,244,348,486,509,443,359,504,482,503,428,257
0.5083093709573053,10,1,401,430,244,399,360,360,500,370,224,448,429,409,461,430,458,352,554,487,408,284,309,298
0.7983951264778564,10,0,448,384,488,490,398,399,606,336,442,341,446,495,274,326,343,427,316,577,479,476,524,213
0.4028206357302161,10,1,384,434,524,428,574,278,674,419,393,329,314,340,362,552,551,628,374,510,333,440,422,468
0.20804535327131868,11,1,353,417,368,361,305,418,230,334,233,507,359,474,228,323,377,368,358,603,380,574,509,472
0.34756414989620643,11,1,374,426,470,428,416,202,205,365,318,500,310,461,423,523,443,358,266,508,123,208,446,459
0.8050915673981395,11,1,449,416,474,606,392,420,501,407,559,484,431,403,411,574,424,319,488,460,427,381,405,258
0.6744834487554299,11,0,425,357,470,387,390,456,522,277,318,430,530,312,344,475,561,395,567,340,380,326,224,361
0.19396334312682495,10,0,351,385,380,379,268,326,327,458,374,233,263,507,239,419,251,559,282,351,459,382,313,404
0.8242990950937809,11,0,440,336,368,135,428,341,493,344,574,445,638,269,458,288,492,125,334,151,453,494,481,231
0.516612331499962,10,1,403,430,304,581,255,250,304,468,266,349,413,381,402,435,360,535,440,243,363,394,347,280
0.5230545306811744,11,0,404,370,439,350,507,333,407,252,571,301,262,210,413,341,393,123,388,454,197,494,444,617
0.748361118107815,10,1,432,454,394,564,508,354,465,427,252,613,495,359,336,400,192,446,445,517,272,396,396,575
0.18325904806207127,11,0,361,337,305,199,306,292,489,373,388,393,336,162,206,311,362,398,322,367,376,337,189,295
0.7894309141357316,11,1,447,417,239,246,592,452,431,615,530,336,338,481,475,453,444,525,429,531,529,327,331,413
0.7378683194330248,11,1,439,421,358,403,387,338,452,508,443,173,409,425,411,464,535,456,339,420,335,291,226,442
0.5767292072665449,10,1,413,433,502,471,378,449,465,534,459,410,233,379,509,464,458,500,633,529,473,455,404,397
0.23186814458482174,10,1,366,456,336,490,401,507,222,455,388,444,413,532,296,487,381,322,433,540,322,325,497,435
0.13090151140039874,11,1,342,409,509,376,445,458,541,542,458,349,514,431,344,422,545,494,339,215,316,549,262,450
0.31547603419287484,10,0,369,375,277,286,423,403,485,328,406,382,552,603,421,337,364,386,413,199,324,353,351,258
0.4454093106298237,10,0,391,370,169,377,425,352,206,471,413,232,512,491,273,320,424,369,448,386,463,262,385,140
0.44894288778106395,11,0,391,369,589,253,287,343,373,270,617,307,635,338,376,434,417,284,527,294,275,346,487,216
0.5414500093139707,10,0,407,370,230,447,480,378,504,228,474,266,447,404,333,523,438,393,481,423,490,232,431,380
0.6004496096915188,10,0,417,372,354,222,231,255,402,367,461,521,341,289,524,529,320,462,276,302,457,305,434,431
0.21665957588590168,10,0,354,383,385,378,369,327,405,615,368,249,438,308,251,314,537,343,288,399,399,587,441,418
0.32288054373365827,11,0,375,356,511,186,281,186,384,345,313,177,386,362,76,431,458,467,387,283,184,375,285,580
0.10081086446388998,11,1,338,406,445,409,327,521,333,446,420,327,303,415,452,475,386,396,373,363,335,416,488,442
0.6667808629379482,10,1,424,442,444,367,490,438,439,724,553,247,217,292,479,392,324,370,474,681,476,299,339,459
0.9509427100227794,10,1,453,481,528,446,366,390,454,436,602,612,361,435,297,289,378,617,259,660,415,489,500,440
0.6991903415303328,10,1,428,447,272,292,603,524,348,449,614,390,275,297,406,355,405,450,398,466,364,501,417,542
0.9820406211156762,10,0,471,405,462,421,458,338,474,334,485,385,396,389,358,363,370,483,382,505,537,372,524,388
0.5484021221400178,10,1,408,431,338,325,233,451,200,411,496,293,442,319,301,435,448,365,464,391,627,315,518,353
0.7341378717398154,10,0,438,379,456,425,426,257,338,366,442,337,387,397,459,356,416,359,362,376,276,549,337,425
0.49807495165314974,11,0,400,370,161,328,317,258,298,474,421,349,330,327,456,242,275,467,395,394,358,395,511,188
0.4258844627729834,10,1,388,433,335,308,286,290,473,403,291,421,352,278,277,360,416,229,309,319,313,419,271,399
0.04838337563782902,11,0,347,319,380,223,363,301,280,291,164,422,187,266,373,473,440,209,396,36,303,108,344,320
0.47378116939232984,11,1,396,430,245,519,318,321,350,370,338,412,430,444,334,369,376,541,430,493,564,460,629,284
0.2801742889196137,11,1,364,422,407,391,443,430,276,335,320,435,364,545,302,464,408,477,575,548,354,432,354,302
0.5201663184681549,11,0,403,370,513,260,481,429,443,234,178,398,243,423,410,342,636,320,571,226,494,258,360,441
0.5614118969750286,11,1,410,429,296,178,442,513,409,364,700,360,505,261,315,574,472,308,548,585,439,513,400,540
0.8795790364297714,11,0,446,328,417,284,531,253,408,295,345,378,355,488,490,479,527,386,247,267,508,262,392,302
0.16984231393625016,10,1,359,465,485,335,400,353,259,607,321,474,441,353,333,440,561,385,336,448,531,465,184,471
0.48715445000804625,11,0,398,370,345,326,458,459,271,93,137,355,413,396,411,321,378,238,530,290,537,416,306,166
0.28249595857120446,11,0,371,351,276,307,463,477,342,164,496,353,308,271,410,220,290,424,192,233,450,70,312,317
0.7438211870469432,10,0,440,379,373,532,461,467,567,354,547,379,413,240,472,462,458,384,480,426,275,417,413,243
0.14397334847946497,10,0,344,390,430,455,98,494,96,353,273,262,307,279,252,433,366,350,385,325,287,372,448,336
0.1241490928616854,10,0,341,392,418,387,367,444,271,425,248,656,435,486,243,471,392,507,306,477,333,600,465,275
0.9953728964537083,11,0,457,313,330,303,589,210,399,432,400,243,613,445,535,228,341,402,290,311,516,222,447,302
0.9231547358008458,11,1,464,403,419,393,420,471,486,723,419,340,408,359,345,480,425,241,497,282,649,307,492,359
0.5612123182091266,10,0,410,371,424,399,292,262,288,347,392,355,396,186,490,309,437,273,395,442,602,353,377,411
0.6721748930837175,10,1,425,443,378,434,512,475,425,405,494,387,373,473,328,332,405,489,312,417,654,401,410,646
0.5019079145706412,11,0,400,370,319,381,564,326,500,233,361,449,380,389,409,297,290,330,422,275,214,329,359,252
0.701368052989062,10,0,433,376,428,328,473,301,368,296,607,302,554,434,381,343,346,301,398,404,481,332,212,318
0.9001161968465836,10,1,448,474,354,425,416,467,502,489,257,527,523,535,360,558,480,525,640,458,322,406,444,358
0.38998289393987307,10,0,381,372,304,475,204,558,272,213,505,596,453,230,298,332,544,266,315,431,376,370,346,453
0.6750239862052424,10,1,425,444,350,300,310,660,540,637,500,526,318,298,431,424,447,281,398,631,470,481,539,465
0.33112199460330005,10,1,376,443,269,484,299,373,181,191,294,316,516,222,404,478,292,427,261,412,371,457,306,535
0.3716137702013139,10,0,378,373,405,385,394,471,384,480,505,491,502,416,397,398,357,380,560,219,246,327,425,559
0.4149819602334608,11,1,386,429,246,460,410,290,434,385,376,335,590,463,463,297,431,592,478,443,309,759,322,370
0.6984155913704954,10,1,427,447,505,523,666,211,554,365,428,400,561,397,383,567,410,322,440,386,534,561,460,373
0.6476890438311218,10,1,422,440,499,355,262,329,520,613,366,371,435,428,336,336,719,419,428,431,413,392,371,536
0.6047933419884574,10,1,417,435,333,457,423,567,122,302,272,390,319,605,393,355,540,419,528,472,427,491,452,525
0.45481782264858495,10,1,392,431,509,450,453,362,434,504,392,447,429,557,400,518,308,661,428,488,541,509,336,333
0.8528572261811462,11,1,456,411,501,512,327,298,524,294,541,222,492,522,347,420,427,426,576,301,578,427,402,264
0.6985088684285413,10,1,427,447,397,581,316,522,500,275,555,481,562,364,281,572,611,504,419,319,417,475,380,374
0.9931538703282153,11,1,472,394,391,384,621,380,413,451,700,529,429,473,613,387,462,409,485,464,480,175,389,382
0.5677935612835137,11,1,411,429,428,262,500,542,324,415,225,761,302,383,467,475,256,428,475,470,349,404,297,505
0.24151543003065634,11,0,367,345,447,346,257,528,362,165,407,365,279,238,457,426,400,226,314,283,410,359,361,416
0.30838261393199495,10,0,368,376,431,364,414,335,362,460,354,283,211,421,372,322,313,333,510,377,639,404,447,493
0.0026417606060843424,11,1,327,393,226,423,346,411,336,542,340,92,250,531,258,249,344,304,269,344,426,226,452,352
0.532891787499743,10,1,406,431,558,540,331,324,339,288,423,395,252,394,446,383,361,549,309,307,509,498,394,387
0.2687422449778526,10,0,362,378,371,415,311,209,227,525,229,441,248,422,534,530,475,401,519,432,473,397,282,472
0.9467083226928705,10,0,467,400,529,401,533,525,422,449,480,331,311,425,509,511,218,488,595,391,312,513,457,447
0.6561407659866039,10,1,423,441,295,552,346,425,588,518,232,411,434,620,504,453,409,368,383,309,460,318,559,389
0.3473917666223215,11,0,377,360,314,354,444,380,163,229,365,346,291,458,331,232,491,438,417,284,539,268,400,316
0.21027651800579716,11,1,353,417,489,332,484,441,379,371,453,352,505,418,361,464,341,452,244,374,483,481,187,484
0.2637540646493888,10,1,369,452,265,418,387,477,299,305,461,465,252,302,282,426,304,343,354,602,350,526,436,408
0.2543661108574016,11,1,360,421,279,459,275,391,514,367,617,543,389,601,398,262,429,517,404,299,358,528,622,453
0.0348827787102296,10,1,346,483,353,565,260,366,155,309,295,411,384,526,325,358,498,464,400,516,323,444,302,502
0.16863869786498076,10,0,347,387,316,539,298,360,348,494,379,437,474,452,398,303,452,360,339,506,407,347,249,533
0.6676397090439444,10,0,428,374,405,220,470,372,380,410,402,357,486,439,631,704,387,485,374,272,543,310,472,564
0.4412199969248045,11,0,390,368,649,449,338,366,282,134,233,482,554,359,444,547,335,234,379,470,411,318,143,270
0.3378945905906112,11,0,376,358,434,171,511,366,206,439,437,436,363,416,373,421,257,346,311,395,235,250,84,385
0.26065283516137394,10,1,368,452,448,579,368,339,340,596,61,438,411,474,196,640,391,479,442,380,320,377,455,392
0.26184456053371774,10,0,361,379,343,386,371,420,316,465,362,633,549,476,445,310,271,321,384,515,312,523,174,404
0.2403995725310918,11,1,358,419,431,482,271,422,499,281,232,485,435,387,285,342,458,494,289,511,387,363,179,368
0.3868604654233614,10,1,382,436,349,420,343,168,612,557,403,627,426,430,457,469,215,670,393,377,390,557,342,391
0.5574273161943397,10,1,410,432,395,400,579,359,376,528,532,572,446,452,443,339,572,356,320,327,338,208,495,661
0.8855008729067981,11,1,460,407,562,230,548,504,483,392,486,412,408,419,460,530,420,421,470,642,557,470,510,346
0.5107904055806664,11,0,402,370,506,203,448,434,466,462,295,312,454,459,362,194,258,325,368,430,206,205,505,455
0.27387747558467246,11,0,370,349,474,338,470,265,342,253,497,395,522,428,395,284,361,178,178,467,225,305,147,319
0.8927545588034181,11,1,461,406,391,439,467,510,485,377,495,351,461,422,318,370,357,441,568,276,374,334,455,335
0.3400247095629384,10,0,373,374,341,109,425,256,491,385,397,302,336,206,430,238,518,369,393,280,475,384,349,401
0.7660702989795127,11,1,443,419,378,467,381,517,301,444,532,603,526,587,329,609,501,402,664,526,426,334,448,337
0.7931090640040105,11,1,447,417,551,438,476,501,273,418,417,545,264,562,284,368,553,571,402,466,516,487,475,367
0.6132670585437361,11,1,419,428,384,479,233,393,411,445,428,569,473,419,460,379,373,264,431,531,315,359,345,462
0.5794068391352379,10,0,413,371,367,425,484,343,554,533,515,305,405,583,402,464,576,369,476,348,307,273,360,309
0.43395825458015147,11,1,389,429,343,569,446,524,252,309,316,459,237,552,527,243,517,395,219,515,495,411,354,396
0.584786515252761,10,1,414,433,300,435,411,329,324,270,413,532,308,565,499,339,355,316,358,201,455,650,432,492
0.7914563658234902,10,0,447,383,402,387,495,334,521,422,522,328,547,480,579,521,500,525,368,199,479,356,377,482
0.8044843439382571,11,1,449,416,500,427,591,402,430,485,309,302,536,525,471,332,353,327,331,350,399,397,694,504
0.9750864923921225,11,0,455,315,455,247,579,364,583,347,343,451,385,384,488,439,459,430,509,323,363,410,525,348
0.5830601067707794,10,1,414,433,616,490,277,360,496,592,427,409,349,438,329,515,443,427,404,349,404,359,420,388
0.04219778754168391,11,0,347,318,179,219,303,108,448,469,412,377,273,301,100,325,279,283,480,416,288,382,476,189
0.26686321573604244,10,1,369,451,442,421,343,353,375,210,421,430,277,425,242,274,428,437,321,271,261,337,352,318
0.5527922788915464,11,0,409,369,484,258,459,176,350,306,420,260,252,432,308,135,514,349,440,486,435,439,392,485
0.10690976335733815,10,1,353,473,280,624,407,449,335,535,352,442,457,479,399,352,339,358,336,421,48,513,358,275
0.3266808440033966,11,0,375,357,434,336,394,295,402,265,206,372,378,267,545,245,265,328,292,390,476,262,271,323
0.7108426309131276,10,1,429,448,501,521,378,408,294,372,450,412,394,492,319,479,489,358,380,231,392,579,382,389
0.5864131632360293,11,1,415,429,312,369,448,570,338,371,366,466,409,404,473,282,299,271,473,361,330,442,290,375
0.07341756459792959,10,1,350,478,397,427,283,470,282,501,425,333,283,435,185,484,317,581,542,555,460,326,278,358
0.979736383685299,11,1,471,396,626,358,444,420,565,322,514,533,292,445,589,239,602,307,616,245,476,351,593,420
0.050068831700391336,10,0,332,400,219,561,386,334,178,355,256,306,320,412,256,414,321,343,354,373,318,200,438,326
0.508299276327797,10,0,401,370,328,382,511,289,310,338,539,343,387,605,247,297,327,352,514,551,398,417,492,559
0.05790564463840342,11,1,333,401,407,313,175,525,470,347,516,427,394,260,397,425,279,441,430,556,187,382,341,505
0.5492273537127383,11,1,408,430,385,437,535,357,508,433,418,499,372,494,361,339,438,443,273,438,416,371,488,343
0.2995959879172255,11,1,367,424,263,569,142,461,452,307,281,569,529,294,167,398,318,214,397,456,434,498,314,459
0.5792628410378738,11,0,413,367,289,266,392,453,296,386,270,386,449,458,486,486,435,418,369,428,295,598,279,478
0.6810543978018099,11,1,430,425,437,439,287,349,341,433,370,446,575,457,437,428,452,602,408,517,322,460,529,517
0.7177850357317613,10,0,436,377,389,543,305,109,465,353,477,468,491,470,554,253,458,307,429,497,567,352,432,368
0.8549517774912422,11,1,456,411,557,273,451,349,336,403,541,619,433,403,343,277,401,405,443,400,399,434,340,315
0.018138763231744015,11,0,344,314,423,180,387,258,211,387,460,137,469,301,239,289,390,330,454,232,319,187,494,265
0.6729371318496107,11,1,429,425,472,359,437,401,479,608,421,483,523,444,239,453,420,428,376,269,350,392,711,463
0.5693610693432003,10,1,411,432,433,492,354,421,415,384,558,402,460,367,402,374,360,478,254,548,386,503,355,402
0.8764585234976467,11,0,445,329,520,417,544,379,535,448,506,407,309,258,617,448,298,143,348,496,384,463,593,327
0.18681413389968304,11,1,350,415,407,488,409,505,485,508,460,369,604,369,342,395,279,328,443,408,274,576,392,417
0.7832580357772567,11,0,436,342,490,379,469,187,457,196,348,239,380,275,391,317,513,300,554,392,365,240,509,342
0.9530308138397061,11,1,468,399,354,558,464,402,541,306,426,631,308,393,509,458,419,248,464,486,385,400,481,366
0.33730607040747884,10,0,373,374,515,224,470,403,343,422,392,372,520,304,215,406,457,209,396,331,327,541,375,445
0.7880643325212466,10,0,447,383,513,413,541,359,411,481,469,321,551,431,405,515,511,377,532,487,423,445,443,500
0.7653278836121185,10,1,434,456,448,541,340,554,468,506,414,468,540,432,356,637,386,509,567,335,482,472,483,479
0.49438471326132905,11,0,399,370,413,375,284,304,430,346,329,319,517,465,497,340,340,491,446,318,635,392,351,456
0.5284639217164753,10,0,405,370,543,332,396,291,512,414,492,424,437,236,399,400,535,380,354,224,524,331,461,484
0.8031923319560695,11,1,449,416,547,389,340,296,495,306,423,549,598,480,279,508,485,510,263,319,392,167,674,391
0.7102381418298679,11,0,429,352,396,307,633,328,311,243,362,381,574,304,285,374,419,388,477,347,550,414,634,359
0.6330325626757315,11,1,422,427,555,474,574,519,365,540,316,239,295,432,382,484,328,483,361,489,414,315,321,338
0.6366731672979821,10,1,421,439,494,593,485,416,360,384,373,482,545,544,395,569,559,586,509,567,424,553,655,380
0.45891700227356635,10,1,393,431,372,318,457,481,366,218,445,347,591,215,497,425,375,397,430,393,361,499,335,176
0.5418993274271189,10,1,407,431,384,414,320,409,383,541,473,344,435,583,232,395,557,573,516,445,205,522,433,426
0.02884643741080939,10,0,330,403,391,373,190,347,293,424,26,379,295,367,314,510,301,368,328,403,395,393,256,286
0.6362142874443822,11,1,423,427,377,257,543,572,536,331,234,318,441,502,457,464,437,319,295,647,614,503,363,526
0.562821086372075,10,0,411,371,452,432,395,324,442,408,328,307,386,384,421,244,364,301,394,507,443,278,290,388
0.09426068686028843,10,1,352,475,269,508,443,329,399,591,415,460,483,436,421,457,130,618,220,601,191,597,296,378
0.12468304263886498,10,0,342,392,52,347,249,268,379,401,310,431,306,420,396,238,283,521,320,308,421,502,381,337
0.3071800468619519,10,1,373,446,554,371,546,464,342,593,400,535,384,517,495,499,389,561,416,424,322,401,382,575
0.7745888467728445,11,0,435,343,231,321,446,359,370,340,424,247,191,362,479,415,313,375,370,279,333,527,474,241
0.22381271506073774,11,0,365,343,299,239,317,273,352,364,363,188,218,454,447,355,257,379,285,330,371,325,435,332
0.25561826092692963,11,1,360,421,151,350,482,347,363,400,423,408,377,578,545,473,330,353,311,364,371,265,540,525
0.2575525877496514,11,0,368,347,193,250,596,481,409,326,258,371,412,480,237,213,294,428,326,345,350,342,431,427
0.7295447393542049,11,0,431,349,337,275,378,501,504,421,292,282,584,284,699,447,526,195,539,218,364,285,506,447
0.8981306541188177,10,0,461,394,529,463,364,325,522,362,197,277,466,485,449,411,562,372,464,518,351,524,317,450
0.5229910109412018,10,1,404,430,457,428,505,249,579,467,332,382,252,586,446,386,364,324,356,415,469,524,454,620
0.7466961482462184,10,1,432,453,364,280,402,695,312,600,385,352,624,497,526,255,578,541,623,403,477,528,307,489
0.08439495117953222,11,1,336,404,315,347,399,314,398,412,241,295,250,452,276,142,210,414,153,222,382,597,416,598
0.6278013955609014,11,1,421,427,296,492,280,446,498,425,341,487,393,388,353,385,576,439,465,574,576,480,469,353
0.11315255955172165,11,0,354,327,231,341,303,409,334,256,230,153,284,268,404,384,452,251,204,304,276,442,433,456
0.19291141250975596,10,0,351,385,296,376,468,477,343,422,426,284,231,309,504,542,361,351,313,499,205,352,384,316
0.14172819862088093,11,0,357,331,295,444,191,382,477,413,451,415,241,287,309,447,231,237,266,474,151,146,515,241
0.2551862916719111,10,0,360,379,262,368,255,500,186,317,443,336,344,443,296,258,353,401,487,276,298,351,205,296
0.7664895027943838,10,1,434,456,272,471,444,586,427,384,439,427,430,324,359,499,404,429,437,555,400,436,487,668
0.30411259832817394,11,0,373,354,364,282,323,393,486,216,488,545,522,438,244,300,192,457,324,323,318,269,226,371
0.45898261045742983,11,0,393,369,454,431,345,430,416,385,597,467,386,288,515,493,495,427,440,379,418,239,245,443
0.7614844407064604,11,1,443,419,458,447,520,386,440,254,525,449,482,374,532,477,461,389,403,347,242,326,322,664
0.07961723477677463,10,1,350,477,236,579,554,537,275,501,272,502,396,541,482,349,476,343,518,404,238,346,121,376
0.234953877992921,11,0,366,344,390,154,296,158,157,263,350,392,311,309,395,449,348,404,270,236,332,354,416,378
0.9032778516026646,10,1,448,475,461,602,400,430,540,511,628,434,422,361,516,398,440,429,566,580,433,416,338,401
0.40454678736693095,10,1,385,434,437,583,441,346,402,334,511,479,357,451,512,478,325,511,523,482,321,203,259,425
0.7649738955449381,10,1,434,456,560,681,543,452,489,533,265,472,318,405,419,331,392,570,337,450,478,643,411,446
0.34986054747414574,11,0,377,360,356,379,275,201,455,424,217,230,541,290,299,456,443,338,446,259,311,173,435,324
0.8001140408924932,11,1,448,416,565,458,507,372,384,391,423,478,376,429,449,312,439,205,357,458,322,432,579,336
0.7737106864249695,11,0,435,343,349,509,559,193,538,433,421,293,487,266,427,296,377,298,570,312,219,370,232,388
0.8249303096152502,10,0,452,386,452,351,588,294,418,137,512,478,554,593,493,445,309,347,405,191,465,380,468,391
0.8830716619732564,10,0,459,392,459,337,472,277,372,479,283,397,456,313,452,434,351,311,448,420,414,406,329,371
0.6556698931087023,10,1,423,441,416,356,465,372,400,452,408,280,475,502,502,348,464,391,385,402,356,612,338,407
0.42742525401701736,10,0,388,371,199,484,214,162,265,467,645,203,477,292,503,258,401,477,352,303,468,363,503,434
0.6882085374172822,11,1,431,424,324,297,461,397,426,528,473,338,417,365,463,546,538,423,442,333,459,470,538,360
0.029152852105400417,11,0,345,316,331,345,419,239,302,345,293,269,303,322,450,289,269,299,229,365,271,390,193,244
0.1655704470049576,11,0,359,335,448,470,319,340,385,296,277,530,417,388,414,411,157,383,508,348,339,368,322,410
0.359326885884499,10,1,379,439,322,301,290,510,428,315,258,395,258,448,333,429,280,373,227,568,486,467,396,616
0.753633566160287,10,0,441,380,326,325,549,341,460,586,243,401,477,477,342,169,358,228,207,387,311,440,391,395
0.8278442001952129,10,1,440,464,594,564,605,656,399,450,362,596,546,330,530,430,383,500,458,523,539,498,353,304
0.9727817835708927,10,0,470,403,388,237,671,305,514,593,473,472,442,456,587,320,354,515,533,539,461,448,471,379
0.5778422388439133,11,0,413,367,289,368,145,408,489,514,422,381,206,536,346,485,458,368,323,306,455,355,522,544
0.7935162383953486,11,1,447,417,553,343,628,454,476,317,466,261,651,404,620,396,341,297,406,395,508,441,488,456
0.23329734438123884,10,0,357,381,142,476,429,313,394,266,382,323,558,377,367,396,308,407,368,237,343,334,354,217
0.45891691905727894,10,1,393,431,312,552,421,357,326,195,419,480,201,431,529,427,485,519,222,409,456,278,397,490
0.18990725740608305,11,1,350,415,282,376,274,650,242,410,284,401,477,553,323,509,215,289,329,341,417,368,404,421
0.9770636041139054,11,0,455,315,231,354,365,221,361,301,395,218,535,370,562,252,619,234,482,382,627,347,530,207
0.9924389010169095,10,1,457,487,367,462,540,492,390,540,352,550,346,259,276,567,506,382,317,525,538,522,393,612
0.7616572064543479,10,0,443,381,584,340,401,272,625,430,360,305,497,425,230,520,358,344,454,558,487,421,331,185
0.6083536700471908,10,0,418,372,425,363,339,419,317,370,425,352,562,251,541,315,424,458,366,366,600,425,472,388
0.6741803693317956,10,1,425,443,280,422,390,520,410,532,517,396,411,457,544,392,372,384,439,629,421,577,336,308
0.24125180966305093,10,0,358,380,243,394,250,463,155,348,396,423,165,387,241,457,153,353,397,226,269,167,250,347
0.8715402536276323,11,1,458,409,340,506,449,359,370,232,665,525,343,468,531,360,514,269,437,353,557,571,440,318
0.9411112997837454,11,1,467,401,399,315,655,492,397,470,417,403,332,314,419,441,595,450,427,385,606,293,484,638
0.5980490753520822,10,1,416,434,333,325,396,549,480,597,216,450,461,527,330,444,352,572,370,352,434,517,357,375
0.8171971771935772,10,0,451,386,511,459,426,164,463,341,466,473,441,343,534,330,401,559,630,373,547,286,449,390
0.8574093402190651,11,0,443,331,315,335,528,433,312,302,322,459,544,338,435,325,374,405,393,310,710,303,517,298
0.28271085028171605,10,1,371,449,300,281,381,458,206,278,245,425,167,362,436,344,231,581,187,433,279,391,404,505
0.4461069427409162,11,0,391,369,287,402,421,297,483,449,291,263,610,304,343,436,452,391,143,443,343,461,279,467
0.85309199658348,11,1,456,411,555,217,382,404,468,319,474,334,408,397,468,482,376,397,545,485,503,470,554,300
0.2604000857254093,10,1,368,452,364,638,257,382,227,341,464,363,519,463,464,505,410,549,390,466,431,494,269,384
0.5846635675249883,11,0,414,367,588,312,386,352,440,264,288,302,370,386,402,334,572,339,497,257,430,335,278,369
0.8900701232452285,11,0,447,327,521,455,454,285,435,293,236,175,399,482,442,391,401,198,422,360,400,387,407,205
0.06653788788315407,11,1,334,402,416,308,445,373,444,464,391,321,220,426,276,302,379,428,448,555,228,506,208,388
0.5614320025105694,10,0,410,371,358,496,301,225,390,390,345,338,257,368,319,472,237,167,521,462,266,286,333,529
0.43878913839421463,10,0,390,371,406,279,368,337,476,377,402,407,387,525,146,347,431,229,299,188,259,398,414,269
0.30718473163214977,10,0,368,376,326,388,464,404,441,340,99,259,449,333,426,441,362,379,279,296,294,385,424,475
0.9634252181041768,11,0,454,317,591,294,454,336,592,174,408,288,408,392,395,372,496,410,447,351,369,346,352,422
0.41050654459866065,10,1,385,434,325,518,235,664,528,354,317,431,278,502,366,413,533,293,455,410,246,372,481,308
0.5278645355184323,11,1,405,430,452,364,556,515,422,433,457,404,371,299,364,413,509,509,322,315,500,435,293,514
0.45631284061434074,11,1,393,430,344,259,447,536,346,451,417,426,182,415,275,223,383,366,365,359,231,497,343,524
0.559175984276413,10,1,410,432,344,587,451,425,586,235,569,290,137,511,366,220,437,380,433,441,320,450,300,175
0.5118540974376651,10,0,402,370,355,442,410,257,532,275,411,471,350,491,402,383,131,556,418,358,380,408,337,301
0.6320993376902139,11,1,422,427,338,622,350,497,539,395,297,459,326,430,402,424,251,476,322,457,413,522,440,522
0.8052562709388161,10,1,438,461,417,512,472,490,276,437,403,338,311,425,412,402,544,558,556,489,192,539,388,566
0.7374207054425582,10,1,431,452,359,400,532,455,525,411,339,486,448,370,350,456,539,374,409,443,452,388,391,580
0.8004827844082534,10,0,448,384,461,224,425,238,571,302,427,557,253,431,479,519,409,421,407,433,275,332,544,325
0.7228640205104278,10,0,437,378,351,370,534,366,533,424,496,448,340,331,420,257,453,325,563,215,409,382,475,503
0.0898807514985478,10,1,351,476,286,599,291,500,257,550,364,177,354,620,411,531,310,467,347,395,377,525,275,523
0.7351215678791867,11,1,439,421,379,396,369,545,436,430,529,353,426,262,468,484,332,353,316,507,448,539,559,450
0.4968815689533429,11,1,399,430,450,269,497,558,453,511,566,498,578,548,375,285,397,371,349,546,312,494,336,315
0.174583166336435,11,0,360,336,322,366,332,215,461,365,411,408,483,369,372,380,325,438,369,385,356,333,278,317
0.7001709163946312,11,1,433,424,543,622,363,432,371,370,370,486,361,536,397,382,342,288,493,368,396,345,361,409
0.8737770616107821,10,1,445,471,659,554,386,342,565,584,477,547,318,393,345,504,552,330,489,373,414,594,609,569
0.728891472614065,11,1,438,422,442,555,289,442,590,303,470,524,378,335,387,623,418,382,502,393,517,490,454,416
0.39989917763400107,11,1,383,428,360,493,301,292,237,498,455,300,407,420,405,384,429,342,581,402,423,366,480,370
0.09544481553386053,10,0,338,395,382,343,181,320,254,338,462,344,358,329,251,276,220,367,529,430,277,401,494,417
0.25402475012494263,10,1,368,453,269,378,259,494,399,390,241,508,391,313,316,791,483,566,331,349,325,493,385,303
0.017321446857431533,10,1,344,486,370,545,417,430,414,460,306,354,209,550,365,414,471,464,359,478,357,233,438,404
0.722172972743102,10,1,430,450,492,555,460,417,396,478,465,526,447,600,388,460,380,434,474,393,433,370,448,563
0.5178378651827483,11,0,403,370,357,303,420,265,498,367,467,435,504,361,458,380,420,325,360,272,548,415,406,398
0.2302258687704415,11,0,365,343,355,245,327,321,211,215,134,314,376,205,392,251,390,349,173,337,281,379,211,265
0.7814437091622264,10,0,446,382,382,449,398,390,510,341,409,393,525,404,230,463,414,253,527,456,434,271,457,173
0.6536689588157928,11,1,426,426,413,363,516,504,294,242,527,511,507,424,478,526,494,274,497,442,494,371,535,527
0.1881363706243343,11,1,350,415,433,399,405,399,268,301,469,464,271,437,407,501,349,489,286,404,453,415,349,342
0.7786807807455407,10,0,445,382,263,464,561,128,427,569,546,174,527,407,244,383,379,137,261,347,457,458,470,483
0.4633048626999071,11,1,394,430,463,531,501,402,275,468,507,553,347,501,488,549,409,461,600,313,467,354,298,462
0.6001264498971757,10,0,417,372,506,467,437,133,447,458,334,317,406,319,397,320,416,287,358,334,381,336,328,563
0.7880422197490948,11,0,436,341,554,245,355,426,409,313,527,541,436,394,327,374,427,520,370,303,516,408,436,284
0.7307117219228582,10,1,431,451,572,362,578,254,404,494,344,437,337,462,385,342,503,527,363,463,484,373,391,516
0.6961783753972112,10,0,433,376,552,448,418,341,360,273,295,319,462,427,470,181,495,424,481,499,340,402,367,262
0.7440895214931084,10,1,432,453,478,585,582,397,320,639,540,423,498,291,232,460,425,353,465,494,404,590,530,433
0.05574386932746922,11,0,348,320,195,363,321,328,325,495,306,355,273,582,249,279,587,221,475,358,280,207,249,267
0.0712567943275606,10,0,335,398,447,399,454,285,311,565,314,364,541,266,617,305,398,474,203,506,235,423,283,551
0.07779259441693875,10,1,350,477,412,460,394,475,301,486,497,606,392,598,488,497,367,378,331,428,568,373,382,448
0.833666574141378,10,0,453,387,344,472,418,338,595,397,384,413,498,369,473,244,420,381,300,413,472,324,437,395
0.22057034867251946,10,1,364,458,325,519,336,546,113,698,311,686,189,522,527,485,391,293,483,236,431,453,307,460
0.5342123808348718,10,1,406,431,313,544,305,499,469,398,605,344,465,296,594,364,552,172,480,467,539,459,337,626
0.003781613557927166,11,1,328,393,328,363,346,426,228,429,439,453,282,472,410,271,251,304,126,377,358,405,495,319
0.8134164606053201,11,0,439,337,366,353,719,490,338,312,492,564,531,258,400,265,383,340,548,438,448,390,332,504
0.19535882519199066,10,1,362,461,337,510,306,375,314,563,312,517,364,582,409,494,452,601,369,500,405,426,296,514
0.9605264957694608,10,0,469,402,434,514,412,533,275,336,420,330,524,458,400,312,240,385,454,312,386,355,570,421
0.023671788799528137,11,1,330,396,122,544,325,202,267,348,449,426,489,456,428,433,368,435,467,402,307,486,250,395
0.40874464900459895,11,0,385,366,425,466,385,402,482,271,342,289,516,536,467,392,419,404,488,286,348,239,187,373
0.8154664771296518,11,0,439,337,511,377,388,205,407,428,345,375,280,425,375,273,397,343,623,208,690,412,377,253
0.4517664417080136,11,1,392,430,355,386,429,328,393,387,337,426,386,501,421,415,448,336,417,524,326,347,513,244
0.40600172598793105,10,0,384,371,556,122,584,329,415,498,365,490,384,410,193,405,370,301,301,424,507,415,341,454
0.8397674116872852,11,1,454,412,380,352,437,496,271,350,654,543,503,421,335,424,346,349,508,362,411,422,342,485
0.863113140685602,10,1,444,469,118,432,387,351,397,327,408,445,523,463,540,550,363,331,360,424,430,361,487,431
0.9911711618935242,10,1,457,487,493,585,488,431,553,632,405,662,500,472,508,619,471,354,672,495,596,668,310,393
0.3867615741036392,10,0,381,372,164,404,286,334,446,342,439,250,504,423,225,348,297,513,371,363,345,310,430,236
0.12591858604856876,11,1,342,409,360,267,312,473,439,466,274,378,269,447,304,365,454,544,361,442,400,343,338,553
0.9387777290088046,10,1,451,480,563,331,534,364,279,704,474,495,430,574,465,446,627,479,392,598,539,371,466,326
0.8330545710134585,10,0,453,387,383,408,431,316,284,378,228,447,341,349,530,335,454,344,547,402,463,215,264,398
0.10014288934723636,10,1,352,474,520,590,455,456,167,363,382,442,273,375,409,365,371,534,135,530,75,602,395,371
0.1426260500188905,10,0,344,390,183,460,292,335,311,432,390,396,425,454,356,361,329,513,331,443,439,453,462,368
0.483213587337763,11,0,397,370,311,445,287,302,383,362,353,424,430,485,323,364,414,484,448,457,334,347,449,530
0.600471648341657,11,1,417,428,505,386,343,329,340,430,292,628,399,441,299,582,520,350,300,489,544,306,495,386
0.8772058075686748,11,0,445,329,466,495,270,161,396,261,472,422,547,214,376,500,382,310,203,354,348,278,485,223
0.798947563446918,10,0,448,384,490,402,459,293,393,331,431,275,488,314,497,421,474,370,472,589,477,354,559,465
0.524356311356815,11,0,404,370,365,363,498,266,191,550,444,499,352,405,308,195,479,355,298,523,312,444,564,442
0.8163482541131196,10,1,439,463,560,491,574,315,520,450,252,431,380,313,494,591,256,482,349,416,251,518,400,345
0.21222009321850488,10,1,364,459,431,482,301,649,452,562,196,464,478,461,290,476,303,482,274,336,394,530,375,410
0.5554062620665577,11,1,409,430,393,435,301,409,501,616,343,314,613,277,479,636,493,401,271,475,337,480,173,453
0.009907618268064189,10,0,328,406,282,422,374,315,259,351,257,524,468,287,338,561,119,367,227,473,256,413,291,412
0.20482753662990194,10,1,363,460,531,479,433,430,307,339,244,432,325,401,442,648,241,596,211,399,507,343,591,562
0.2095830171758999,11,0,363,341,481,274,430,302,470,258,496,212,232,408,284,289,435,351,343,333,263,292,365,599
0.2565004388314851,11,0,368,347,278,371,345,389,346,436,209,543,472,327,379,225,544,139,177,350,381,324,354,396
0.2644017662071363,10,0,361,379,368,500,361,405,437,309,465,441,188,314,334,460,119,506,372,295,443,315,549,479
0.8253032169437319,10,0,452,386,418,170,268,423,362,464,464,487,560,425,332,345,432,383,422,140,479,514,337,545
0.4549617481442123,11,1,392,430,61,404,440,394,305,423,380,278,455,495,280,469,500,527,349,516,474,423,271,332
0.186245253282605,11,0,361,337,344,219,380,387,258,323,285,380,314,468,431,295,349,443,508,335,328,555,251,310
0.3999051827705008,11,1,383,428,346,256,482,316,267,313,519,404,332,330,451,591,353,441,295,421,436,542,522,156
0.5184579855482498,10,1,403,430,472,479,569,353,420,321,442,457,342,316,545,428,500,409,298,421,303,538,320,384
0.6183333724124256,10,1,419,436,428,307,272,465,413,496,508,305,417,421,476,560,404,354,662,411,390,410,274,326
0.4056601137717749,10,0,384,371,430,315,325,241,438,373,210,211,583,310,297,314,392,214,336,329,289,351,408,481
0.39123655963272175,11,0,383,365,365,293,463,225,417,463,305,247,383,224,412,507,292,374,78,305,244,273,308,556
0.4567433240444114,10,1,393,431,471,460,612,457,384,534,472,537,308,724,362,318,426,484,516,344,309,455,377,484
0.4105464470172825,10,0,385,371,289,330,387,328,502,261,335,333,495,380,443,307,459,279,392,449,399,336,470,585
0.9258042209485604,11,1,465,403,361,404,368,277,484,454,598,346,502,599,508,341,499,380,469,403,396,519,562,124
0.41164245550804923,10,1,386,434,403,563,273,725,513,309,478,427,408,432,311,334,368,400,357,477,497,448,346,365
0.1545627402360673,10,1,358,467,407,476,464,443,329,591,383,532,406,353,238,504,424,506,373,283,502,527,333,316
0.6804060254578937,11,1,430,425,578,502,245,456,367,287,641,319,388,546,298,293,619,187,559,431,342,425,379,624
0.00214184407504181,11,0,343,312,351,226,487,220,215,255,411,299,250,256,365,140,357,397,335,227,485,443,496,399
0.5600254468197127,11,1,410,429,473,425,183,433,500,500,499,491,427,339,372,509,505,459,304,471,475,439,405,487
0.7644376546146461,10,0,443,381,581,361,531,453,638,351,453,313,445,358,517,415,419,372,417,390,425,339,376,441
0.17589613955566064,10,0,348,386,152,185,233,326,186,342,333,380,373,307,417,346,431,255,230,528,508,331,308,486
0.6947588306238062,10,1,427,446,420,501,370,346,553,540,551,384,394,413,669,448,386,386,364,454,448,293,518,423
0.8792019675229762,10,1,445,472,361,500,316,535,535,540,417,471,459,439,514,608,444,418,494,422,357,664,534,419
0.704685573416044,11,0,428,352,351,358,556,345,486,442,448,427,285,364,399,374,485,347,429,235,402,632,474,268
0.8513405223319556,10,0,455,389,300,385,310,520,504,540,487,421,329,435,423,552,360,348,243,271,491,444,569,269
0.6317500313543076,11,1,422,427,512,367,382,524,360,479,391,524,393,256,412,249,180,456,505,392,251,357,568,308
0.573240861522175,11,0,412,367,368,349,432,422,335,334,490,256,209,251,344,200,456,473,458,276,395,660,430,295
0.6194147862138533,10,1,419,437,370,470,420,424,378,422,434,397,487,517,464,449,475,403,572,411,299,505,355,344
0.20419708553016203,10,0,352,384,323,265,364,370,320,283,364,321,278,504,386,355,534,279,154,285,387,286,38,257
0.3221110136150287,10,1,375,444,226,439,156,547,344,498,309,550,414,562,355,352,424,457,431,436,357,455,382,567
0.6195936403020783,11,1,420,428,398,487,505,399,578,430,425,493,378,401,428,554,429,523,431,551,475,465,510,506
0.03606174325251987,10,0,331,402,488,303,370,349,183,384,175,483,309,413,487,216,273,389,100,354,315,426,155,564
0.05600295148920287,11,1,333,400,236,354,372,509,173,323,270,179,339,284,363,160,387,542,274,443,261,563,330,508
0.6744524882539087,11,1,429,425,473,413,365,432,422,501,414,419,493,515,492,523,424,407,399,416,281,472,534,320
0.156872155953799,11,1,346,412,352,518,338,569,393,537,472,383,384,442,487,392,311,493,275,457,385,331,373,389
0.7099699004004802,10,1,429,448,368,544,432,428,317,566,363,416,560,445,633,492,325,441,321,475,604,369,242,539
0.9420166903357182,10,1,452,480,408,466,524,542,304,585,306,494,490,530,344,588,367,183,417,503,317,414,477,540
0.6865020693405375,11,0,426,355,254,542,421,287,219,334,303,331,410,294,392,355,540,411,265,474,661,257,468,250
0.5320801248497492,10,1,405,430,335,417,359,632,388,201,499,422,456,538,185,403,512,482,355,664,431,603,435,423
0.1515374285994172,10,1,358,467,438,568,334,608,434,467,279,245,240,478,154,393,404,438,331,338,206,510,439,475
0.5146025530325039,11,1,402,430,457,431,563,600,348,386,390,384,601,394,371,468,656,558,74,360,402,538,527,463
0.342502484903651,11,0,377,359,365,312,557,259,425,360,264,357,344,402,469,491,392,332,576,452,269,402,189,407
0.7392301065001545,11,1,439,421,474,494,478,420,364,308,543,309,493,504,553,608,559,673,280,492,396,482,504,479
0.6631132717521864,10,1,424,442,393,556,274,467,369,517,377,424,498,377,551,492,375,606,255,459,477,454,313,718
0.42016134391676785,10,0,387,371,435,383,331,458,366,343,352,330,291,267,317,422,387,531,361,324,309,418,402,461
0.7196904637977882,10,1,430,450,461,482,301,212,429,558,541,532,281,474,468,547,286,330,335,454,444,488,344,499
0.8736857392348608,11,0,445,329,394,346,352,432,396,402,312,231,271,347,475,230,385,344,557,343,569,337,481,199
0.30590958624241815,11,1,368,424,352,214,315,375,439,328,391,431,276,444,338,237,309,292,362,606,468,452,381,313
0.14467012554915393,10,0,344,389,248,449,437,217,309,408,529,567,405,437,349,291,324,525,365,342,326,190,327,337
0.6187780055952823,10,1,419,437,332,317,323,494,490,452,284,523,601,331,434,431,546,512,313,437,515,530,396,345
0.4966134645152802,11,0,399,370,291,414,409,414,433,253,396,359,521,296,256,485,484,101,374,203,531,576,485,390
0.0019764021541095467,11,1,327,393,400,492,331,244,364,421,360,359,369,498,157,395,214,321,359,391,456,292,274,317
0.5265028295802003,10,0,404,370,299,394,308,330,380,406,331,516,591,408,523,358,452,277,527,628,421,495,426,393
0.20252731042979377,10,1,363,460,393,524,432,612,400,499,529,501,475,625,346,509,317,458,315,598,413,397,363,521
0.45532735919243594,10,0,392,370,433,293,535,355,226,237,426,253,410,270,353,423,342,180,405,538,376,438,495,442
0.5850714967374212,10,1,414,433,473,513,354,440,331,329,512,350,245,270,445,323,424,422,515,357,424,505,309,360
0.3242945175896528,11,0,375,356,384,402,315,284,454,286,302,172,271,534,388,485,138,266,440,320,391,356,398,207
0.49866326879551304,10,0,400,370,287,328,445,425,397,394,487,350,403,500,459,284,490,447,442,631,434,294,417,285
0.4933100139671256,10,1,399,430,363,385,386,452,407,504,394,353,318,490,515,450,419,453,552,414,172,412,391,427
0.9075544161369019,11,0,448,325,416,180,523,307,378,177,508,328,425,413,382,323,507,297,357,331,383,465,482,302
0.9611797678859173,10,0,469,402,484,453,468,494,530,288,387,429,624,531,360,433,431,338,489,449,385,390,470,525
0.14009326566304636,10,0,344,390,321,478,336,442,372,436,220,280,391,330,220,345,310,420,193,429,246,408,279,340
0.04928704073336365,11,1,332,399,131,551,324,310,326,384,336,392,278,493,538,377,426,447,252,475,328,380,197,513
0.3958089361367334,10,0,382,372,509,388,428,461,380,369,423,552,576,289,420,475,579,408,318,322,345,416,433,487
0.3525414801621378,11,0,378,360,340,250,519,432,513,157,443,424,332,371,327,613,495,408,206,484,284,415,327,368
0.638095876362563,10,1,421,439,449,285,443,283,492,568,187,540,464,497,554,562,577,360,324,454,433,317,546,523
0.11109818404117122,11,0,354,327,352,487,459,245,390,184,401,225,506,382,314,472,288,384,334,408,399,284,420,231
0.15451707079723143,11,1,345,412,224,243,373,431,274,409,288,291,340,331,447,609,321,497,316,202,189,661,320,297
0.33832418483416027,10,0,373,374,409,443,171,192,400,371,247,295,350,334,306,408,512,449,367,302,270,410,507,259
0.6652436875265925,10,0,428,374,525,257,510,290,322,340,473,332,381,331,533,381,484,283,403,336,245,404,522,378
0.9488547191739455,10,1,452,481,395,442,459,452,530,516,436,484,553,484,598,533,303,359,356,599,375,597,532,539
0.18030149162631437,10,0,349,386,449,201,115,526,325,456,485,463,366,451,73,385,220,525,312,335,430,449,540,395
0.8101226286624692,10,0,450,385,509,329,507,458,454,401,421,243,493,437,447,536,375,289,610,312,325,391,565,307
0.08570667447029046,10,1,351,476,389,652,387,668,420,452,418,367,335,354,424,589,565,460,458,706,352,422,437,335
0.07543450238590266,10,1,350,478,419,463,588,528,237,514,567,579,475,371,377,524,224,499,319,296,410,465,408,513
0.6052816300841506,11,1,418,428,389,642,396,386,562,408,439,373,305,265,346,499,322,338,456,600,478,548,305,430
0.1845998387393959,10,0,350,385,385,354,297,398,341,360,494,284,386,417,485,318,339,403,549,320,323,477,369,480
